{"cameraMode":{"drawMode":0,"name":"Shaded","section":"Shading Mode"},"sceneLighting":true,"audioPlay":false,"sceneViewState":{"m_AlwaysRefresh":false,"showFog":true,"showSkybox":true,"showFlares":true,"showImageEffects":true,"showParticleSystems":true,"showVisualEffectGraphs":true,"m_FxEnabled":true},"in2DMode":false,"pivot":{"x":478.54376220703127,"y":29.580867767333986,"z":174.58242797851563},"rotation":{"x":-0.017905330285429956,"y":-0.42786961793899538,"z":0.008472288958728314,"w":-0.9036414623260498},"size":17.95427131652832,"orthographic":false}