{"cameraMode":{"drawMode":0,"name":"Shaded","section":"Shading Mode"},"sceneLighting":true,"audioPlay":false,"sceneViewState":{"m_AlwaysRefresh":false,"showFog":true,"showSkybox":true,"showFlares":true,"showImageEffects":true,"showParticleSystems":true,"showVisualEffectGraphs":true,"m_FxEnabled":true},"in2DMode":false,"pivot":{"x":570.3595581054688,"y":16.683204650878908,"z":291.6726989746094},"rotation":{"x":0.06360981613397598,"y":0.27939990162849429,"z":-0.018556253984570504,"w":0.9578909277915955},"size":12.124356269836426,"orthographic":false}