{"cameraMode":{"drawMode":0,"name":"Shaded","section":"Shading Mode"},"sceneLighting":true,"audioPlay":false,"sceneViewState":{"m_AlwaysRefresh":false,"showFog":true,"showSkybox":true,"showFlares":true,"showImageEffects":true,"showParticleSystems":true,"showVisualEffectGraphs":true,"m_FxEnabled":true},"in2DMode":false,"pivot":{"x":366.7611999511719,"y":413.22113037109377,"z":-66.21456146240235},"rotation":{"x":0.0012980942847207189,"y":-0.022962164133787156,"z":-0.0002466599107719958,"w":-0.9997788071632385},"size":81.39410400390625,"orthographic":false}