{"cameraMode":{"drawMode":0,"name":"Shaded","section":"Shading Mode"},"sceneLighting":true,"audioPlay":false,"sceneViewState":{"m_AlwaysRefresh":false,"showFog":true,"showSkybox":true,"showFlares":true,"showImageEffects":true,"showParticleSystems":true,"showVisualEffectGraphs":true,"m_FxEnabled":true},"in2DMode":false,"pivot":{"x":605.1787719726563,"y":17.718835830688478,"z":323.4489440917969},"rotation":{"x":-0.00630994513630867,"y":0.030901119112968446,"z":-0.00008910003089113161,"w":-0.9995600581169128},"size":2.235739231109619,"orthographic":false}