{"cameraMode":{"drawMode":0,"name":"Shaded","section":"Shading Mode"},"sceneLighting":true,"audioPlay":false,"sceneViewState":{"m_AlwaysRefresh":false,"showFog":true,"showSkybox":true,"showFlares":true,"showImageEffects":true,"showParticleSystems":true,"showVisualEffectGraphs":true,"m_FxEnabled":true},"in2DMode":false,"pivot":{"x":453.65948486328127,"y":28.213098526000978,"z":183.75009155273438},"rotation":{"x":-0.06686633825302124,"y":0.07779175788164139,"z":-0.005088671576231718,"w":-0.9947912693023682},"size":22.332796096801759,"orthographic":false}