{"cameraMode":{"drawMode":0,"name":"Shaded","section":"Shading Mode"},"sceneLighting":true,"audioPlay":false,"sceneViewState":{"m_AlwaysRefresh":false,"showFog":true,"showSkybox":true,"showFlares":true,"showImageEffects":true,"showParticleSystems":true,"showVisualEffectGraphs":true,"m_FxEnabled":true},"in2DMode":false,"pivot":{"x":585.7667236328125,"y":18.374462127685548,"z":299.2913818359375},"rotation":{"x":0.0027930790092796089,"y":-0.057778310030698779,"z":-0.0002667526132427156,"w":-0.9983835220336914},"size":1.414226770401001,"orthographic":false}