{"cameraMode":{"drawMode":0,"name":"Shaded","section":"Shading Mode"},"sceneLighting":true,"audioPlay":false,"sceneViewState":{"m_AlwaysRefresh":false,"showFog":true,"showSkybox":true,"showFlares":true,"showImageEffects":true,"showParticleSystems":true,"showVisualEffectGraphs":true,"m_FxEnabled":true},"in2DMode":false,"pivot":{"x":606.3360595703125,"y":-10.706497192382813,"z":427.9561462402344},"rotation":{"x":0.16147330403327943,"y":0.039095066487789157,"z":-0.006401963997632265,"w":0.9860945343971252},"size":98.37138366699219,"orthographic":false}